{
    "loss": 0.0715813934803009,
    "accuracy": 0.9568345546722412
}