{
    "loss": 0.057041458785533905,
    "accuracy": 0.971222996711731
}