{
    "loss": 0.3061785101890564,
    "accuracy": 0.9568345546722412
}